-- MariaDB dump 10.19  Distrib 10.4.32-MariaDB, for Win64 (AMD64)
--
-- Host: localhost    Database: expense_management
-- ------------------------------------------------------
-- Server version	10.4.32-MariaDB

/*!40101 SET @OLD_CHARACTER_SET_CLIENT=@@CHARACTER_SET_CLIENT */;
/*!40101 SET @OLD_CHARACTER_SET_RESULTS=@@CHARACTER_SET_RESULTS */;
/*!40101 SET @OLD_COLLATION_CONNECTION=@@COLLATION_CONNECTION */;
/*!40101 SET NAMES utf8mb4 */;
/*!40103 SET @OLD_TIME_ZONE=@@TIME_ZONE */;
/*!40103 SET TIME_ZONE='+00:00' */;
/*!40014 SET @OLD_UNIQUE_CHECKS=@@UNIQUE_CHECKS, UNIQUE_CHECKS=0 */;
/*!40014 SET @OLD_FOREIGN_KEY_CHECKS=@@FOREIGN_KEY_CHECKS, FOREIGN_KEY_CHECKS=0 */;
/*!40101 SET @OLD_SQL_MODE=@@SQL_MODE, SQL_MODE='NO_AUTO_VALUE_ON_ZERO' */;
/*!40111 SET @OLD_SQL_NOTES=@@SQL_NOTES, SQL_NOTES=0 */;

--
-- Table structure for table `categories`
--

DROP TABLE IF EXISTS `categories`;
/*!40101 SET @saved_cs_client     = @@character_set_client */;
/*!40101 SET character_set_client = utf8 */;
CREATE TABLE `categories` (
  `id` int(11) NOT NULL AUTO_INCREMENT,
  `name` varchar(100) NOT NULL,
  `type` enum('income','expense') NOT NULL,
  `created_at` timestamp NOT NULL DEFAULT current_timestamp(),
  PRIMARY KEY (`id`)
) ENGINE=InnoDB AUTO_INCREMENT=16 DEFAULT CHARSET=latin1 COLLATE=latin1_swedish_ci;
/*!40101 SET character_set_client = @saved_cs_client */;

--
-- Dumping data for table `categories`
--

LOCK TABLES `categories` WRITE;
/*!40000 ALTER TABLE `categories` DISABLE KEYS */;
INSERT INTO `categories` VALUES (3,'Other Income','income','2025-07-01 22:03:51'),(5,'Utilities','expense','2025-07-01 22:03:51'),(6,'Marketing','expense','2025-07-01 22:03:51'),(7,'Travel','expense','2025-07-01 22:03:51'),(8,'Equipment','expense','2025-07-01 22:03:51'),(9,'Maintenance','expense','2025-07-01 22:03:51'),(10,'Other Expenses','expense','2025-07-01 22:03:51'),(11,'Salaries','expense','2025-07-21 13:54:41'),(12,'food','expense','2025-10-02 06:28:17'),(13,'rent','expense','2025-10-03 06:57:59'),(14,'company Anniversary','expense','2026-03-02 10:47:47'),(15,'marketing','expense','2026-03-23 10:03:35');
/*!40000 ALTER TABLE `categories` ENABLE KEYS */;
UNLOCK TABLES;

--
-- Table structure for table `employees`
--

DROP TABLE IF EXISTS `employees`;
/*!40101 SET @saved_cs_client     = @@character_set_client */;
/*!40101 SET character_set_client = utf8 */;
CREATE TABLE `employees` (
  `id` int(11) NOT NULL AUTO_INCREMENT,
  `employee_id` varchar(20) NOT NULL,
  `first_name` varchar(50) NOT NULL,
  `last_name` varchar(50) NOT NULL,
  `email` varchar(100) DEFAULT NULL,
  `phone` varchar(20) DEFAULT NULL,
  `position` varchar(100) DEFAULT NULL,
  `monthly_salary` decimal(10,2) NOT NULL,
  `hire_date` date DEFAULT NULL,
  `attachment_path` varchar(255) DEFAULT NULL,
  `status` enum('active','inactive') DEFAULT 'active',
  `created_at` timestamp NOT NULL DEFAULT current_timestamp(),
  PRIMARY KEY (`id`),
  UNIQUE KEY `employee_id` (`employee_id`)
) ENGINE=InnoDB AUTO_INCREMENT=44 DEFAULT CHARSET=latin1 COLLATE=latin1_swedish_ci;
/*!40101 SET character_set_client = @saved_cs_client */;

--
-- Dumping data for table `employees`
--

LOCK TABLES `employees` WRITE;
/*!40000 ALTER TABLE `employees` DISABLE KEYS */;
INSERT INTO `employees` VALUES (25,'MW-952083','Fikirte Eshetu','Agedi','fikirte@mulewave.com','+251913001494','Human resource',30000.00,'2025-02-10',NULL,'active','2025-07-25 12:31:48'),(26,'MW-618279','wondifraw Eshetu','Agedi','wondifraw@mulewave.com','+251910622942','Driver',20000.00,'2025-03-19',NULL,'active','2025-07-25 12:35:09'),(27,'MW-355935','Gelilia Belachew','Tessema','gelilia.belachew@mulewave.com','0929116213','software engineer',36323.30,'2025-04-08',NULL,'active','2025-10-10 07:22:12'),(28,'MW-489107','Birhanu Baynesagn','Alene','birhanu.baynesagn@mulewave.com','0941909521','Software Engineer',36323.30,'2025-04-22',NULL,'active','2025-10-10 07:28:27'),(29,'MW-515649','Masresha','Yayeh','masresha@mulewave.com','0928730333','Cybersecurity Specialist / Analyst',36323.30,'2025-05-08',NULL,'active','2025-10-10 07:41:38'),(30,'MW-445850','Estifanos Girma','Wedaseneh','estifanos.girma@mulewave.com','0931386887','Software Engineer',34964.00,'2025-06-09',NULL,'active','2025-10-10 07:44:48'),(31,'MW-821370','Emebet Bekele','Kebede','emebet.bekele@mulewave.com','0913775616','Software developer',36323.30,'2025-08-11',NULL,'active','2025-10-10 08:32:18'),(32,'MW-548647','Haymanot Tesfay','Ejegu','haymanot.tesfay@mulewave.com','0904139200','Internship',17200.00,'2025-02-10',NULL,'active','2025-10-10 08:40:39'),(33,'MW-782016','Yordanos Tadesse','Kebede','yordanos.tadesse@mulewave.com','0983039819','Software developer',22200.00,'2025-02-10',NULL,'active','2025-10-10 08:45:23'),(35,'MW-244745','kebeb','mamuye','kebeb@mulewave.com','0995034902','cooker',12000.00,'2025-01-10',NULL,'active','2025-10-22 05:45:55'),(36,'MW-684321','Venus','Hailemeskel','venus@mulewave.com','0937609277','software developer',34964.00,'2025-07-08',NULL,'active','2025-10-22 05:50:48'),(37,'MW-272753','wubshet','kindu','wubshet@mulewave.com','0979166474','cleaner',8000.00,'2025-06-10',NULL,'active','2025-10-22 05:53:50'),(39,'MW-292340','Ashenefech','Mihiret','ashenefech@mulewave.com','0912793502','Accountant',15000.00,'2025-10-08',NULL,'inactive','2026-04-03 07:22:09'),(40,'MW-936602','Saron','Tadesse','saron@mulewave.com','0991181951','Marketing Manager',41323.30,'2026-03-09',NULL,'active','2026-04-08 07:49:22'),(42,'MW-515254','Michael','Taye','test@mulewave.com','0916182957','Software developer',56323.30,'2025-02-10',NULL,'active','2026-04-08 08:15:35'),(43,'MW-506116','Liyuset','Tessema','liyuset@mulewave.com','0929278994','Accountant',25199.50,'2026-03-10',NULL,'active','2026-04-08 08:29:45');
/*!40000 ALTER TABLE `employees` ENABLE KEYS */;
UNLOCK TABLES;

--
-- Table structure for table `migrations`
--

DROP TABLE IF EXISTS `migrations`;
/*!40101 SET @saved_cs_client     = @@character_set_client */;
/*!40101 SET character_set_client = utf8 */;
CREATE TABLE `migrations` (
  `id` int(11) NOT NULL AUTO_INCREMENT,
  `migration_name` varchar(255) NOT NULL,
  `executed_at` timestamp NOT NULL DEFAULT current_timestamp(),
  PRIMARY KEY (`id`)
) ENGINE=InnoDB AUTO_INCREMENT=5 DEFAULT CHARSET=utf8mb4 COLLATE=utf8mb4_general_ci;
/*!40101 SET character_set_client = @saved_cs_client */;

--
-- Dumping data for table `migrations`
--

LOCK TABLES `migrations` WRITE;
/*!40000 ALTER TABLE `migrations` DISABLE KEYS */;
INSERT INTO `migrations` VALUES (1,'001_create_migrations_table.sql','2025-07-21 09:36:17'),(2,'002_add_attachment_path_to_transactions.sql','2025-07-21 09:36:17'),(3,'003_update_payment_date_precision.sql','2025-07-21 13:22:46'),(4,'004_add_attachment_path_to_employees.sql','2025-07-24 13:05:57');
/*!40000 ALTER TABLE `migrations` ENABLE KEYS */;
UNLOCK TABLES;

--
-- Table structure for table `salary_payments`
--

DROP TABLE IF EXISTS `salary_payments`;
/*!40101 SET @saved_cs_client     = @@character_set_client */;
/*!40101 SET character_set_client = utf8 */;
CREATE TABLE `salary_payments` (
  `id` int(11) NOT NULL AUTO_INCREMENT,
  `employee_id` int(11) NOT NULL,
  `month` int(11) NOT NULL,
  `year` int(11) NOT NULL,
  `amount` decimal(10,2) NOT NULL,
  `payment_date` datetime(6) DEFAULT NULL,
  `status` enum('pending','paid') DEFAULT 'pending',
  `notes` text DEFAULT NULL,
  `created_at` timestamp NOT NULL DEFAULT current_timestamp(),
  PRIMARY KEY (`id`),
  UNIQUE KEY `unique_employee_month_year` (`employee_id`,`month`,`year`),
  CONSTRAINT `salary_payments_ibfk_1` FOREIGN KEY (`employee_id`) REFERENCES `employees` (`id`) ON DELETE CASCADE
) ENGINE=InnoDB AUTO_INCREMENT=18 DEFAULT CHARSET=latin1 COLLATE=latin1_swedish_ci;
/*!40101 SET character_set_client = @saved_cs_client */;

--
-- Dumping data for table `salary_payments`
--

LOCK TABLES `salary_payments` WRITE;
/*!40000 ALTER TABLE `salary_payments` DISABLE KEYS */;
INSERT INTO `salary_payments` VALUES (6,25,9,2025,30000.00,NULL,'pending','','2025-10-10 06:52:03'),(7,26,9,2025,20000.00,NULL,'pending','','2025-10-10 06:52:36'),(8,28,9,2025,30000.00,NULL,'pending','Minimize the borrowed amount to 5,000','2025-10-10 09:04:34'),(9,31,9,2025,30000.00,NULL,'pending','','2025-10-10 09:05:10'),(10,30,9,2025,20000.00,NULL,'pending','','2025-10-10 09:05:25'),(12,27,9,2025,30000.00,NULL,'pending','','2025-10-10 09:07:18'),(13,32,9,2025,10000.00,NULL,'pending','','2025-10-10 09:07:36'),(14,29,9,2025,30000.00,NULL,'pending','','2025-10-10 09:07:59'),(17,33,9,2025,10000.00,NULL,'pending','','2025-10-10 09:09:59');
/*!40000 ALTER TABLE `salary_payments` ENABLE KEYS */;
UNLOCK TABLES;

--
-- Table structure for table `transactions`
--

DROP TABLE IF EXISTS `transactions`;
/*!40101 SET @saved_cs_client     = @@character_set_client */;
/*!40101 SET character_set_client = utf8 */;
CREATE TABLE `transactions` (
  `id` int(11) NOT NULL AUTO_INCREMENT,
  `type` enum('income','expense') NOT NULL,
  `category_id` int(11) DEFAULT NULL,
  `amount` decimal(10,2) NOT NULL,
  `description` varchar(255) DEFAULT NULL,
  `transaction_date` date NOT NULL,
  `notes` text DEFAULT NULL,
  `created_at` timestamp NOT NULL DEFAULT current_timestamp(),
  `updated_at` timestamp NOT NULL DEFAULT current_timestamp() ON UPDATE current_timestamp(),
  `attachment_path` varchar(255) DEFAULT NULL,
  PRIMARY KEY (`id`),
  KEY `category_id` (`category_id`),
  CONSTRAINT `transactions_ibfk_1` FOREIGN KEY (`category_id`) REFERENCES `categories` (`id`) ON DELETE SET NULL
) ENGINE=InnoDB AUTO_INCREMENT=221 DEFAULT CHARSET=latin1 COLLATE=latin1_swedish_ci;
/*!40101 SET character_set_client = @saved_cs_client */;

--
-- Dumping data for table `transactions`
--

LOCK TABLES `transactions` WRITE;
/*!40000 ALTER TABLE `transactions` DISABLE KEYS */;
INSERT INTO `transactions` VALUES (4,'expense',8,12000.00,'house hold equipment(12 dish, tea glass, coffee cup, pasta maker, set bowl)','2025-03-25','Mule Wave Technology - Addis Ababa ETHIOPIA','2025-07-25 09:06:09','2025-07-25 09:06:29',NULL),(5,'expense',8,2000.00,'maereg purchased pinch ???','2025-03-25','Mule Wave Technology - Addis Ababa ETHIOPIA','2025-07-25 09:10:48','2025-07-25 09:11:05',NULL),(6,'expense',8,578300.00,'LG Equipment\'s (oven, refrigerator, washing machine TV)','2025-05-02','Mule Wave Technology - Addis Ababa ETHIOPIA','2025-07-25 09:44:34','2025-07-25 09:44:34','uploads/tx_6883520219d171.51951722_20250725_122536[1].jpg'),(8,'expense',8,50000.00,'deluxe group table','2025-04-29','Mule Wave Technology - Addis Ababa ETHIOPIA','2025-07-25 10:12:25','2025-07-25 10:12:25','uploads/tx_68835889928cb1.76485454_20250725_130749[1].jpg'),(9,'expense',NULL,62000.00,'curtain(2/3) payment','2025-05-15','Mule Wave Technology - Addis Ababa ETHIOPIA','2025-07-25 11:25:13','2025-07-25 11:25:13','uploads/tx_68836999146c24.14965743_cbe_receiptFT25135MCV6V_(1)[1].pdf'),(10,'expense',NULL,11150.00,'1/4 Curtin','2025-05-17','Mule Wave Technology - Addis Ababa ETHIOPIA','2025-07-25 11:37:46','2025-07-25 11:37:46','uploads/tx_68836c8a4efa82.01555573_Megareja_2_payment[1].pdf'),(11,'expense',NULL,36000.00,'conference table','2025-07-31','mule Wave Technology - Addis Ababa ETHIOPIA','2025-07-31 08:40:10','2025-07-31 08:40:10','uploads/tx_688b2bea2a7cf1.56513809_photo_2025-07-31_11-36-17.jpg'),(12,'expense',10,3150.00,'gas','2025-08-04','Mule Wave Technology - Addis Ababa ETHIOPIA','2025-08-04 09:21:29','2025-08-04 09:21:29','uploads/tx_68907b991d8197.95078761_20250804_121601[1].jpg'),(13,'income',NULL,200000.00,'general purpose','2025-02-14','Mule Wave Technology - Addis Ababa ETHIOPIA','2025-10-02 06:36:09','2025-10-02 06:36:09',NULL),(14,'income',NULL,150000.00,'General purpose','2025-04-08','Mule Wave Technology - Addis Ababa ETHIOPIA','2025-10-02 06:39:53','2025-10-02 06:39:53',NULL),(15,'income',NULL,26000.00,'General purpose','2025-04-15','Mule Wave Technology - Addis Ababa ETHIOPIA','2025-10-02 06:41:15','2025-10-02 06:41:31',NULL),(16,'income',NULL,700000.00,'General purpose','2025-04-19','Mule Wave Technology - Addis Ababa ETHIOPIA','2025-10-02 06:42:44','2025-10-02 06:42:44',NULL),(17,'income',NULL,150000.00,'General purpose','2025-04-28','Mule Wave Technology - Addis Ababa ETHIOPIA','2025-10-02 06:53:55','2025-10-02 06:53:55',NULL),(18,'income',NULL,1000000.00,'General purpose','2025-05-06','Mule Wave Technology - Addis Ababa ETHIOPIA','2025-10-02 06:55:29','2025-10-02 07:07:27',NULL),(19,'income',NULL,100000.00,'General purpose','2025-06-06','Mule Wave Technology - Addis Ababa ETHIOPIA','2025-10-02 06:58:54','2025-10-02 06:58:54',NULL),(20,'income',NULL,100000.00,'General purpose','2025-06-10','Mule Wave Technology - Addis Ababa ETHIOPIA','2025-10-02 07:00:10','2025-10-02 07:00:10',NULL),(21,'income',NULL,2200000.00,'General purpose','2025-07-04','Mule Wave Technology - Addis Ababa ETHIOPIA','2025-10-02 07:02:33','2025-10-02 07:02:33',NULL),(22,'income',NULL,160000.00,'general purpose(Negat transfer money)','2025-08-09','Mule Wave Technology - Addis Ababa ETHIOPIA','2025-10-02 07:05:16','2025-10-02 07:05:16',NULL),(23,'expense',NULL,2000.00,'wosen cloth (qumta)','2025-10-02','Mule Wave Technology - Addis Ababa ETHIOPIA','2025-10-02 07:17:48','2025-10-02 07:39:11','uploads/tx_68de271cdf9746.52331996_1.pdf'),(24,'expense',8,150000.00,'dinning table','2025-06-03','Mule Wave Technology - Addis Ababa ETHIOPIA','2025-10-02 08:09:06','2025-10-02 08:09:06','uploads/tx_68de3322b1d084.33824359_20251002_110028[1].jpg'),(25,'expense',8,42000.00,'bed','2025-10-02','Mule Wave Technology - Addis Ababa ETHIOPIA','2025-10-02 08:21:00','2025-10-02 08:21:00','uploads/tx_68de35ec920074.30759211_20251002_111110.jpg'),(26,'expense',8,33000.00,'L-shape office table','2025-10-02','Mule Wave Technology - Addis Ababa ETHIOPIA','2025-10-02 08:24:22','2025-10-02 08:24:22','uploads/tx_68de36b61a75d7.48845616_20251002_112133[1].jpg'),(27,'expense',8,20000.00,'stabilizer (two pc)','2025-10-02','Mule Wave Technology - Addis Ababa ETHIOPIA','2025-10-02 08:26:42','2025-10-02 08:26:42','uploads/tx_68de37421559b3.40590297_Stabilizer.pdf'),(28,'expense',8,19500.00,'router table','2025-05-19','Mule Wave Technology - Addis Ababa ETHIOPIA','2025-10-02 08:38:19','2025-10-02 08:38:19','uploads/tx_68de39fb866be9.47056989_20251002_113352[1].jpg'),(29,'expense',NULL,17700.00,'house equipment with cash and transfer','2025-05-14','Mule Wave Technology - Addis Ababa ETHIOPIA','2025-10-02 08:42:00','2025-10-02 08:42:00','uploads/tx_68de3ad813c155.21109222_House equipment payment.pdf'),(30,'expense',8,7330.00,'Ironing and liquid soap','2025-05-05','Mule Wave Technology - Addis Ababa ETHIOPIA','2025-10-02 09:06:40','2025-10-02 09:06:40','uploads/tx_68de40a0353786.58151512_20251002_120250[1].jpg'),(31,'expense',8,5000.00,'Tv stand','2025-10-02','Mule Wave Technology - Addis Ababa ETHIOPIA','2025-10-02 09:08:40','2025-10-02 09:08:40','uploads/tx_68de4118a3bf50.73284142_Tv stand payment.pdf'),(32,'expense',5,5000.00,'2 body soap(2000+3000 birr)','2025-05-21','Mule Wave Technology - Addis Ababa ETHIOPIA','2025-10-02 09:29:29','2025-10-02 09:29:29','uploads/tx_68de45f9900465.00734406_wosen soap (attached).pdf'),(33,'expense',5,4700.00,'cleaning material','2025-05-22','Mule Wave Technology - Addis Ababa ETHIOPIA','2025-10-02 09:30:30','2025-10-02 09:30:30',NULL),(34,'expense',NULL,2750.00,'electric tool ( two bulb)','2025-05-21','Mule Wave Technology - Addis Ababa ETHIOPIA','2025-10-02 12:09:32','2025-10-02 12:09:32','uploads/tx_68de6b7c5bf7c9.36582821_20251002_150502[1].jpg'),(35,'expense',NULL,2500.00,'ye injera mesob','2025-05-26','Mule Wave Technology - Addis Ababa ETHIOPIA','2025-10-02 12:29:09','2025-10-02 12:29:09',NULL),(36,'expense',8,2200.00,'milk boiler','2025-05-23','Mule Wave Technology - Addis Ababa ETHIOPIA','2025-10-02 12:34:08','2025-10-02 12:35:18','uploads/tx_68de71402452f4.43338045_milk_boiler[1].pdf'),(37,'expense',5,2100.00,'white plaster or chair plaster','2025-06-06','Mule Wave Technology - Addis Ababa ETHIOPIA','2025-10-02 13:14:23','2025-10-02 13:14:23','uploads/tx_68de7aafd1a1f9.59378978_white plaster 2_merged.pdf'),(38,'expense',NULL,2500.00,'shell(cylinder) regulator','2025-05-12','Mule Wave Technology - Addis Ababa ETHIOPIA','2025-10-02 13:19:19','2025-10-02 13:19:19','uploads/tx_68de7bd75c3fc1.33717329_20251002_161440[1].jpg'),(40,'expense',11,95000.00,'staff salary(7 STAFF)','2025-04-08','Mule Wave Technology - Addis Ababa ETHIOPIA','2025-10-03 07:04:00','2025-10-03 07:13:05',NULL),(41,'expense',11,18000.00,'Gelila AND KIDIST salary','2025-04-04','Mule Wave Technology - Addis Ababa ETHIOPIA','2025-10-03 07:14:34','2025-10-03 07:14:34',NULL),(42,'expense',11,127500.00,'staff salary','2025-05-06','Mule Wave Technology - Addis Ababa ETHIOPIA','2025-10-03 07:25:45','2025-10-03 07:25:45',NULL),(43,'expense',11,160000.00,'staff salary','2025-06-05','Mule Wave Technology - Addis Ababa ETHIOPIA','2025-10-03 07:29:23','2025-10-03 07:29:23',NULL),(44,'expense',13,48000.00,'car rent','2025-06-11','Mule Wave Technology - Addis Ababa ETHIOPIA','2025-10-03 08:12:58','2025-10-03 08:12:58','uploads/tx_68df858ab8fcc6.64955952_Car rent.pdf'),(46,'expense',5,3400.00,'wifi end payment','2025-03-25','Mule Wave Technology - Addis Ababa ETHIOPIA','2025-10-03 08:42:44','2025-10-03 08:44:24','uploads/tx_68df8c8404d4b8.88007954_Wi-Fi payment.pdf'),(47,'expense',10,2000.00,'wifi worker tip','2025-03-27','Mule Wave Technology - Addis Ababa ETHIOPIA','2025-10-03 08:44:01','2025-10-03 08:44:01',NULL),(48,'expense',5,46300.00,'Wi-Fi April','2025-05-14','Mule Wave Technology - Addis Ababa ETHIOPIA','2025-10-03 08:46:14','2025-10-03 08:46:14','uploads/tx_68df8d5658bbc9.61436856_Wi-Fi April payment.pdf'),(49,'expense',5,54000.00,'Safaricom Wi-Fi first installation payment','2025-05-07','Mule Wave Technology - Addis Ababa ETHIOPIA','2025-10-03 08:51:48','2025-10-03 08:51:48','uploads/tx_68df8ea4e1ac74.97014791_20251003_114823[1].jpg'),(51,'expense',5,14700.00,'unlimited Fikirte yearly package','2025-05-05','Mule Wave Technology - Addis Ababa ETHIOPIA','2025-10-03 11:09:44','2025-10-03 11:09:44','uploads/tx_68dfaef88e50d5.78124207_20251003_140516[1].jpg'),(52,'expense',12,30000.00,'food cost(February and march)','2025-03-01','Mule Wave Technology - Addis Ababa ETHIOPIA','2025-10-03 11:17:19','2025-10-03 11:20:07','uploads/tx_68dfb0bf4b2740.98082667_Food2_Food3_Food4_merged.pdf'),(53,'expense',12,7600.00,'teff payment with cost of worker','2025-04-01','Mule Wave Technology - Addis Ababa ETHIOPIA','2025-10-03 11:19:11','2025-10-03 11:19:11','uploads/tx_68dfb12faddde1.44047738_Teff payment.pdf'),(54,'expense',12,10000.00,'food cost','2025-05-15','Mule Wave Technology - Addis Ababa ETHIOPIA','2025-10-03 11:21:51','2025-10-03 11:21:51','uploads/tx_68dfb1cf4f4114.58527904_Food 5.pdf'),(55,'expense',12,30350.00,'food cost','2025-05-30','Mule Wave Technology - Addis Ababa ETHIOPIA','2025-10-03 11:28:33','2025-10-03 11:30:14','uploads/tx_68dfb361e8d2a4.13149435_Food 5_Food_Food5_merged.pdf'),(56,'expense',7,47500.00,'Fuel cost (April and may)','2025-05-30','Mule Wave Technology - Addis Ababa ETHIOPIA','2025-10-03 12:24:46','2025-10-03 12:24:46','uploads/tx_68dfc08eaa88f4.79413825_Fuel 04-06-2025_merged_compressed.pdf'),(57,'expense',10,800.00,'lebes masqacha','2025-03-30','Mule Wave Technology - Addis Ababa ETHIOPIA','2025-10-07 07:28:36','2025-10-07 07:28:36','uploads/tx_68e4c124d44b35.66025202_Lebes maskaca.pdf'),(58,'expense',10,15000.00,'not retried money on wosen','2025-03-28','Mule Wave Technology - Addis Ababa ETHIOPIA','2025-10-07 07:31:01','2025-10-07 07:31:01',NULL),(59,'expense',10,11000.00,'dawit invition','2025-05-02','Mule Wave Technology - Addis Ababa ETHIOPIA','2025-10-07 07:32:18','2025-10-07 07:32:18',NULL),(61,'expense',10,1000.00,'parking money','2025-04-01','Mule Wave Technology - Addis Ababa ETHIOPIA','2025-10-07 07:41:45','2025-10-07 07:41:45',NULL),(62,'expense',10,6000.00,'worker tip for different purpose','2025-05-30','Mule Wave Technology - Addis Ababa ETHIOPIA','2025-10-07 07:43:36','2025-10-07 07:43:36',NULL),(63,'expense',10,6500.00,'yarid tip for selling and washing machine','2025-04-16','Mule Wave Technology - Addis Ababa ETHIOPIA','2025-10-07 08:03:39','2025-10-07 08:03:39',NULL),(64,'expense',10,2730.00,'wifi cable   mentainance','2025-05-16','Mule Wave Technology - Addis Ababa ETHIOPIA','2025-10-07 08:05:37','2025-10-07 08:05:37',NULL),(65,'expense',10,2000.00,'tip for table handling underground to up floor transfer money','2025-05-31','Mule Wave Technology - Addis Ababa ETHIOPIA','2025-10-07 08:07:37','2025-10-07 08:07:37',NULL),(66,'expense',10,2500.00,'monitor wood(Wosen office)','2025-10-07','Mule Wave Technology - Addis Ababa ETHIOPIA','2025-10-07 08:08:42','2025-10-07 08:08:42',NULL),(67,'expense',10,114925.00,'Home improvement(additional cost like tej,qibe and others)','2025-05-22','Mule Wave Technology - Addis Ababa ETHIOPIA','2025-10-07 09:35:06','2025-10-07 09:35:06','uploads/tx_68e4deca05ccf7.90518102_Beg megza_merged.pdf'),(69,'expense',10,6000.00,'transport decor material and bed','2025-05-21','Mule Wave Technology - Addis Ababa ETHIOPIA','2025-10-07 11:16:59','2025-10-07 11:16:59',NULL),(70,'expense',8,30000.00,'inside door','2025-06-07','Mule Wave Technology - Addis Ababa ETHIOPIA','2025-10-07 11:18:11','2025-10-07 11:18:11','uploads/tx_68e4f6f3cb8d29.78416125_Door payment.pdf'),(71,'expense',5,900.00,'white plaster','2025-06-10','Mule Wave Technology - Addis Ababa ETHIOPIA','2025-10-07 11:21:07','2025-10-07 11:21:07','uploads/tx_68e4f7a375ad64.23853538_White plaster 3.pdf'),(72,'expense',8,2770.00,'soft paper &Detergent','2025-06-17','Mule Wave Technology - Addis Ababa ETHIOPIA','2025-10-08 08:41:37','2025-10-08 08:41:37',NULL),(73,'expense',8,3585.00,'Sanatory Equipment','2025-10-08','Mule Wave Technology - Addis Ababa ETHIOPIA','2025-10-08 08:43:08','2025-10-08 08:43:08',NULL),(74,'expense',8,2105.00,'Sanitary Equipment','2025-06-17','Mule Wave Technology - Addis Ababa ETHIOPIA','2025-10-08 08:44:30','2025-10-08 08:44:30',NULL),(76,'expense',8,6760.00,'1/2 payment of one sofa with transport','2025-09-28','Mule Wave Technology - Addis Ababa ETHIOPIA','2025-10-08 09:19:00','2025-10-08 09:19:00','uploads/tx_68e62c840896a9.42774609_20251008_121305[1].jpg'),(77,'expense',5,3434.00,'sanitary materials(vim, detergent etc)','2025-10-07','Mule Wave Technology - Addis Ababa ETHIOPIA','2025-10-08 09:34:27','2025-10-08 09:34:27','uploads/tx_68e63023460b78.77773749_Sanitory_7-10-2025[1].pdf'),(78,'expense',13,48000.00,'car rent','2025-09-15','Mule Wave Technology - Addis Ababa ETHIOPIA','2025-10-09 06:24:02','2025-10-09 06:24:02','uploads/tx_68e75502ca7f78.83628847_Car_rent_sep[1].pdf'),(79,'expense',13,8000.00,'car rent pigmy','2025-09-25','Mule Wave Technology - Addis Ababa ETHIOPIA','2025-10-09 06:31:43','2025-10-09 06:31:43','uploads/tx_68e756cf52f209.83249007_Car_rent_pagmie[1].pdf'),(81,'expense',7,20000.00,'September fuel cost','2025-09-30','Mule Wave Technology - Addis Ababa ETHIOPIA','2025-10-09 11:57:09','2025-10-09 11:57:09','uploads/tx_68e7a31571ee49.86565373_pdf24_merged (1).pdf'),(82,'expense',12,6000.00,'10kg coffee','2025-10-09','6kg coffee use for office and 4kg buy for staff member','2025-10-09 12:00:30','2025-10-09 12:00:30','uploads/tx_68e7a3de61d228.19741636_Coffee[1].pdf'),(83,'expense',12,17850.00,'food cost','2025-10-06','Mule Wave Technology - Addis Ababa ETHIOPIA','2025-10-09 12:09:39','2025-10-09 12:09:39','uploads/tx_68e7a603cd36c5.50143076_Teff_sep[1].pdf'),(84,'expense',12,3450.00,'water','2025-09-23','Mule Wave Technology - Addis Ababa ETHIOPIA','2025-10-09 12:13:05','2025-10-09 12:13:05','uploads/tx_68e7a6d1e50097.52773373_Water_sep[1].pdf'),(85,'expense',12,10000.00,'food cost','2025-09-22','Mule Wave Technology - Addis Ababa ETHIOPIA','2025-10-09 12:14:43','2025-10-09 12:14:43','uploads/tx_68e7a733f0b609.07458464_Food_12-1-2018[1].pdf'),(86,'expense',10,1300.00,'maereg  electric cost','2025-09-30','Mule Wave Technology - Addis Ababa ETHIOPIA','2025-10-09 12:22:34','2025-10-09 12:22:34','uploads/tx_68e7a90ae05fa3.12520862_Eletric[1].pdf'),(87,'expense',5,20000.00,'September Safaricom wife payment','2025-10-08','Mule Wave Technology - Addis Ababa ETHIOPIA','2025-10-09 12:25:29','2025-10-09 12:25:29','uploads/tx_68e7a9b9c45b93.14621755_Fikirte_(1)-1[1].pdf'),(88,'expense',9,5000.00,'door maintenance','2025-09-25','Mule Wave Technology - Addis Ababa ETHIOPIA','2025-10-09 12:28:10','2025-10-09 12:28:10','uploads/tx_68e7aa5aeb6430.41698214_Door_sep[1].pdf'),(89,'expense',11,6000.00,'August salary','2025-09-30','Mule Wave Technology - Addis Ababa ETHIOPIA','2025-10-09 12:36:36','2025-10-09 12:36:36','uploads/tx_68e7ac545650d2.33595768_Webit_salary[1].pdf'),(90,'expense',10,3076.00,'governmental service  payment(Kirkos sub city) hard copy, office payment etc','2025-10-02','','2025-10-09 12:41:28','2025-10-09 12:41:28',NULL),(91,'expense',8,800.00,'sealer','2025-10-09','Mule Wave Technology - Addis Ababa ETHIOPIA','2025-10-09 12:54:34','2025-10-09 12:54:34','uploads/tx_68e7b08ace5997.93557482_Mahetem[1].pdf'),(92,'expense',12,12160.00,'September sheep cost','2025-10-09','Mule Wave Technology - Addis Ababa ETHIOPIA','2025-10-09 13:03:18','2025-10-09 13:03:18','uploads/tx_68e7b2966bce79.02638422_Sep_beg_yetgezabet[1].pdf'),(93,'expense',12,700.00,'telba and fish','2025-10-06','Mule Wave Technology - Addis Ababa ETHIOPIA','2025-10-10 09:14:27','2025-10-10 09:14:27',NULL),(94,'expense',10,15000.00,'initial deposit for new account at Ahudue Bank (cloth passbook)','2025-10-01','Mule Wave Technology - Addis Ababa ETHIOPIA','2025-10-10 09:17:37','2025-10-10 09:17:37',NULL),(96,'expense',7,760.00,'sofa delivery pickup and tip','2025-10-10','Mule Wave Technology - Addis Ababa ETHIOPIA','2025-10-10 09:26:45','2025-10-10 09:26:45','uploads/tx_68e8d155bc8eb3.12218397_Sofa_delivery[1].pdf'),(97,'expense',5,1500.00,'birhanu wifi','2025-10-10','Mule Wave Technology - Addis Ababa ETHIOPIA','2025-10-13 06:20:26','2025-10-13 06:20:26','uploads/tx_68ec9a2a5c45c3.81614378_Birhanu_wifi_sep[1].pdf'),(98,'expense',7,1150.00,'ride transport','2025-10-12','Mule Wave Technology - Addis Ababa ETHIOPIA','2025-10-13 06:35:46','2025-10-13 06:35:46','uploads/tx_68ec9dc2852fe4.38641336_Ride 1_Ride 2_merged.pdf'),(99,'expense',10,30000.00,'Birhanu borrowed a sum of money. For medication purpose','2025-09-19','Mule Wave Technology - Addis Ababa ETHIOPIA','2025-10-13 06:55:14','2025-10-13 06:55:14','uploads/tx_68eca252796436.88062257_Borrowing_money[1].pdf'),(100,'income',NULL,378000.00,'Wosen transfer money','2025-10-13','Mule Wave Technology - Addis Ababa ETHIOPIA','2025-10-17 12:54:55','2025-10-17 12:54:55',NULL),(101,'expense',8,980.00,'file holder 2pcs','2025-10-16','Mule Wave Technology - Addis Ababa ETHIOPIA','2025-10-17 12:56:54','2025-10-17 12:56:54','uploads/tx_68f23d162330c6.92173928_File_holder[1].pdf'),(102,'expense',13,48000.00,'car rent','2025-10-17','Mule Wave Technology - Addis Ababa ETHIOPIA','2025-10-17 12:58:12','2025-10-17 12:58:12','uploads/tx_68f23d64e04eb1.55400691_Car_rent_October[1].pdf'),(103,'expense',7,4000.00,'fuel','2025-10-14','Mule Wave Technology - Addis Ababa ETHIOPIA','2025-10-17 13:05:37','2025-10-17 13:05:37','uploads/tx_68f23f21ca9504.47663421_Fuel_oct_1[1].pdf'),(104,'expense',12,4890.00,'water','2025-10-14','Mule Wave Technology - Addis Ababa ETHIOPIA','2025-10-17 13:06:58','2025-10-17 13:06:58','uploads/tx_68f23f722e7184.66553692_Water_oct[1].pdf'),(105,'expense',12,4400.00,'Niger cooking oil','2025-10-16','Mule Wave Technology - Addis Ababa ETHIOPIA','2025-10-17 13:09:01','2025-10-17 13:09:01','uploads/tx_68f23fedb50c71.29802509_Zeyet_oct[1].pdf'),(106,'expense',5,1700.00,'venous wifi oct payment','2025-10-17','Mule Wave Technology - Addis Ababa ETHIOPIA','2025-10-17 13:10:21','2025-10-17 13:10:21','uploads/tx_68f2403d4eb6e5.64872109_Venes_wifi_oct[1].pdf'),(107,'expense',10,2000.00,'car parking money(10 birr)','2025-10-17','Mule Wave Technology - Addis Ababa ETHIOPIA','2025-10-17 13:11:32','2025-10-17 13:11:32',NULL),(108,'expense',10,250.00,'document copy','2025-10-15','Mule Wave Technology - Addis Ababa ETHIOPIA','2025-10-17 13:12:55','2025-10-17 13:12:55','uploads/tx_68f240d77ee575.78136680_Copy_oct[1].pdf'),(109,'expense',10,160.00,'license copy','2025-10-17','Mule Wave Technology - Addis Ababa ETHIOPIA','2025-10-17 13:17:21','2025-10-17 13:17:21','uploads/tx_68f241e1ddb295.86823397_Copy_oct_2[1].pdf'),(110,'expense',11,295000.00,'September salary','2025-10-14','Mule Wave Technology - Addis Ababa ETHIOPIA','2025-11-03 07:02:26','2025-11-03 07:02:26',NULL),(111,'expense',11,6000.00,'Wubit salary','2025-10-22','Mule Wave Technology - Addis Ababa ETHIOPIA','2025-11-03 07:06:44','2025-11-03 07:06:44','uploads/tx_69085484778ea9.93267661_Wubit_salary[1].pdf'),(112,'expense',12,10000.00,'food','2025-10-22','Mule Wave Technology - Addis Ababa ETHIOPIA','2025-11-03 07:09:07','2025-11-03 07:09:07','uploads/tx_690855130766e5.74781687_Food_oct[1].pdf'),(113,'expense',7,4000.00,'Fuel','2025-10-28','Mule Wave Technology - Addis Ababa ETHIOPIA','2025-11-03 07:23:13','2025-11-03 07:23:13','uploads/tx_69085861cb7238.47253850_Fuel_oct_28[1].pdf'),(114,'expense',7,4000.00,'Fuel','2025-11-03','Mule Wave Technology - Addis Ababa ETHIOPIA','2025-11-03 07:24:04','2025-11-03 07:24:04','uploads/tx_690858947d9203.58490821_Fuel_3-11-2025[1].pdf'),(115,'expense',7,4000.00,'Fuel','2025-10-23','Mule Wave Technology - Addis Ababa ETHIOPIA','2025-11-03 07:33:02','2025-11-03 07:33:02','uploads/tx_69085aaed8ee88.39555950_Fuel_23-10-2025[1].pdf'),(116,'expense',12,2000.00,'beg masareja','2025-10-31','Mule Wave Technology - Addis Ababa ETHIOPIA','2025-11-03 07:38:34','2025-11-03 07:38:34','uploads/tx_69085bfa92e712.12674799_Beg_masareja[1].pdf'),(117,'expense',12,2000.00,'beg megza','2025-10-31','Mule Wave Technology - Addis Ababa ETHIOPIA','2025-11-03 07:48:09','2025-11-03 07:48:09','uploads/tx_69085e39e5f571.92695326_Beg_masareja[1].pdf'),(118,'expense',12,6000.00,'meat','2025-10-31','Mule Wave Technology - Addis Ababa ETHIOPIA','2025-11-03 07:55:51','2025-11-03 07:55:51','uploads/tx_69086007675a56.24616515_Meat_oct_31[1].pdf'),(119,'expense',8,5423.00,'sanitary equipment','2025-10-30','Mule Wave Technology - Addis Ababa ETHIOPIA','2025-11-03 08:00:02','2025-11-03 08:00:02','uploads/tx_69086102412805.98528117_Sanitiry oct_merged.pdf'),(120,'expense',10,1200.00,'governmental service cost+ paper writing cost 450 welena masreja','2025-11-03','Mule Wave Technology - Addis Ababa ETHIOPIA','2025-11-03 08:04:43','2025-11-03 08:04:43','uploads/tx_6908621ba53e60.96104984_telebirr_Customer_Payment_For_Government_(1)[1].pdf'),(121,'expense',7,23000.00,'30-9-2017---24-10-17E.C Fuel cost','2025-06-22','Mule Wave Technology - Addis Ababa ETHIOPIA','2025-11-03 08:59:21','2025-11-03 08:59:21',NULL),(122,'expense',12,34500.00,'3-10-2017---26-10-2017E.C food cost','2025-11-03','Mule Wave Technology - Addis Ababa ETHIOPIA','2025-11-03 09:03:02','2025-11-03 09:03:02',NULL),(123,'expense',NULL,2586.00,'Safaricom WIFI','2025-06-19','Mule Wave Technology - Addis Ababa ETHIOPIA','2025-11-03 09:05:32','2025-11-03 09:05:32','uploads/tx_6908705c221509.26508977_May_wifi_safaricom[1].pdf'),(124,'expense',5,20909.00,'ethio telecom wifi payment','2025-06-17','Mule Wave Technology - Addis Ababa ETHIOPIA','2025-11-03 09:11:17','2025-11-03 09:11:17','uploads/tx_690871b5144e72.38563387_Ethio_telec_wifi_bill[1].pdf'),(125,'expense',10,8230.00,'government service payment+ paper writing+weklna eshetu to negat','2025-06-09','Mule Wave Technology - Addis Ababa ETHIOPIA','2025-11-03 09:15:05','2025-11-03 09:15:05','uploads/tx_69087299905d10.05185103_telebirr_Customer_Payment_For_Government[1].pdf'),(126,'expense',9,1000.00,'monitor stand metal work','2025-06-26','Mule Wave Technology - Addis Ababa ETHIOPIA','2025-11-03 09:17:05','2025-11-03 09:17:05',NULL),(127,'expense',10,10420.00,'wosen traditional cloth','2025-06-30','Mule Wave Technology - Addis Ababa ETHIOPIA','2025-11-03 09:17:56','2025-11-03 09:17:56',NULL),(128,'expense',7,32000.00,'27-10-2017----29-11-2017E.C fuel cost','2025-07-31','Mule Wave Technology - Addis Ababa ETHIOPIA','2025-11-03 09:21:59','2025-11-03 09:21:59',NULL),(129,'expense',12,96480.00,'28-10-17----28-11-17E.C','2025-07-19','Mule Wave Technology - Addis Ababa ETHIOPIA','2025-11-03 09:25:43','2025-11-03 09:25:43',NULL),(130,'expense',9,3305.00,'house key , company sim card and glass glue','2025-11-11','Mule Wave Technology - Addis Ababa ETHIOPIA','2025-11-24 06:17:15','2025-11-24 06:17:15',NULL),(131,'expense',13,48000.00,'car rent','2025-11-17','Mule Wave Technology - Addis Ababa ETHIOPIA','2025-11-24 06:24:15','2025-11-24 09:18:19',NULL),(132,'expense',7,17000.00,'6/11/2025, 12/11/2025, 18/11/25, 22/11/25 and 22/11/25 fuel and tax transport fee','2025-11-24','Mule Wave Technology - Addis Ababa ETHIOPIA','2025-11-24 06:25:59','2025-11-24 06:25:59',NULL),(133,'expense',12,45290.00,'water, honey, meal, teff ,other cost and cooking oil ,?? ???','2025-11-24','Mule Wave Technology - Addis Ababa ETHIOPIA','2025-11-24 06:27:37','2025-11-24 06:27:37',NULL),(134,'expense',5,30046.55,'cylinder gas ,safaricom and Afro reach','2025-11-24','Mule Wave Technology - Addis Ababa ETHIOPIA','2025-11-24 06:29:13','2025-11-24 06:29:13',NULL),(135,'expense',11,266000.00,'staff salary','2025-11-24','Mule Wave Technology - Addis Ababa ETHIOPIA','2025-11-24 06:30:07','2025-11-24 06:30:07',NULL),(136,'expense',10,4115.00,'intellectual authority (logo) ,lawyer payment ,revenue office copy payment ,governmental cost and transport','2025-11-24','Mule Wave Technology - Addis Ababa ETHIOPIA','2025-11-24 06:31:55','2025-11-24 06:31:55',NULL),(137,'expense',8,285459.00,'Sanitary equipment A4 paper &other wosen soft paper sport bed plastic treadmill meter and hose one sofa (1/2) Sanitary equipment Garden chair(2pec chair & small tab sport equipment(damtil) stabilizer(2000w) divider','2025-09-02','Mule Wave Technology - Addis Ababa ETHIOPIA','2025-11-24 06:36:31','2025-11-24 06:36:31',NULL),(138,'expense',13,48000.00,'August car rent','2025-08-12','Mule Wave Technology - Addis Ababa ETHIOPIA','2025-11-24 06:38:01','2025-11-24 09:26:34',NULL),(139,'income',NULL,400000.00,'salary and other expence','2025-11-24','Mule Wave Technology - Addis Ababa ETHIOPIA','2025-11-24 06:39:57','2025-11-24 06:39:57',NULL),(140,'expense',7,31000.00,'6/12/2017, 7/12/2017, 12/12/2017, 15/12/2017, 20/12/17, 23/12/17 ,29/12/17 ,3/13/2017 fuel cost','2025-09-01','Mule Wave Technology - Addis Ababa ETHIOPIA','2025-11-24 06:42:18','2025-11-24 06:53:05',NULL),(141,'expense',12,54385.00,'peanut better, meal vegetable, meal, butter, water ,teff ,meal and water','2025-08-27','Mule Wave Technology - Addis Ababa ETHIOPIA','2025-11-24 06:44:45','2025-11-24 06:56:39',NULL),(142,'expense',5,41300.00,'safaricom July bill, venous internate, Safaricom August bill','2025-08-27','Mule Wave Technology - Addis Ababa ETHIOPIA','2025-11-24 06:48:21','2025-11-24 06:48:21',NULL),(143,'expense',11,326000.00,'staff salary(August)','2025-09-08','Mule Wave Technology - Addis Ababa ETHIOPIA','2025-11-24 06:58:45','2025-11-24 06:58:45',NULL),(144,'expense',10,295865.00,'other expense','2025-09-08','Mdifferent purpose(tip gards&other) \r\ncopy yellow card\r\nwondi parking 10 bir\r\nwosen cash money (ahudu)\r\nwosen cash money (CBE)\r\ntrafic punsument wosen\r\nwosen transfer money\r\nmareag borrowing birr\r\nstibilazer adjusted person\r\ngarden chair transport\r\n\r\neshetu sheep\r\nTej\r\nule Wave Technology - Addis Ababa ETHIOPIA','2025-11-24 07:02:45','2025-11-24 07:02:45',NULL),(145,'expense',5,21300.00,'Safaricom June bill, WIFI  package for venous','2025-07-01','Mule Wave Technology - Addis Ababa ETHIOPIA','2025-11-24 07:05:21','2025-11-24 07:05:21',NULL),(146,'expense',10,17600.00,'door (1/4)unpaid cost AND john graduation party','2025-07-07','Mule Wave Technology - Addis Ababa ETHIOPIA','2025-11-24 07:07:48','2025-11-24 07:07:48',NULL),(147,'expense',11,513000.00,'staff salary June and July','2025-07-08','Mule Wave Technology - Addis Ababa ETHIOPIA','2025-11-24 07:10:11','2025-11-24 07:10:11',NULL),(148,'expense',10,102500.00,'July other expense','2025-07-08','MuTicket(wosen)	70000\r\ndoor worker Tip	1400\r\ngoat ???	22000\r\nelectric payment mareg	450\r\n?? ???	2000\r\ntable conference transport	2000\r\ncylinder gas	3150\r\nWondi car punishment	1500\r\nle Wave Technology - Addis Ababa ETHIOPIA','2025-11-24 07:12:53','2025-11-24 07:12:53',NULL),(149,'expense',13,48000.00,'car rent','2025-05-13','Mule Wave Technology - Addis Ababa ETHIOPIA','2025-11-24 08:00:45','2025-11-24 11:20:00',NULL),(150,'expense',8,95800.00,'four office chair(dulux)','2025-07-15','Mule Wave Technology - Addis Ababa ETHIOPIA','2025-11-24 08:06:54','2025-11-24 08:06:54',NULL),(151,'expense',8,52000.00,'Monitor(2piec)','2025-07-09','Mule Wave Technology - Addis Ababa ETHIOPIA','2025-11-24 08:08:26','2025-11-24 08:08:26',NULL),(152,'expense',8,6848.00,'cleaning agents','2025-07-21','Mule Wave Technology - Addis Ababa ETHIOPIA','2025-11-24 08:12:05','2025-11-24 08:12:05',NULL),(153,'expense',8,1700.00,'photo frame','2025-07-10','Mule Wave Technology - Addis Ababa ETHIOPIA','2025-11-24 08:13:09','2025-11-24 08:13:09',NULL),(154,'income',NULL,20000.00,'income','2025-06-30','Mule Wave Technology - Addis Ababa ETHIOPIA','2025-11-24 08:28:59','2025-11-24 08:28:59',NULL),(155,'expense',11,5000.00,'Wubit salary','2025-06-20','Mule Wave Technology - Addis Ababa ETHIOPIA','2025-11-24 09:00:02','2025-11-24 09:00:02',NULL),(156,'expense',11,3000.00,'Birhanu Baynesagne','2025-06-30','Mule Wave Technology - Addis Ababa ETHIOPIA','2025-11-24 09:00:33','2025-11-24 09:02:26',NULL),(157,'expense',13,48000.00,'car rent','2025-07-11','Mule Wave Technology - Addis Ababa ETHIOPIA','2025-11-24 13:17:50','2025-11-24 13:17:50',NULL),(159,'expense',10,5000.00,'house plan agreement kirkos subcity','2025-11-27','Mule Wave Technology - Addis Ababa ETHIOPIA','2025-12-02 12:05:28','2025-12-02 12:05:28','uploads/tx_692ed608927de5.09374468_20251202_141541[1].jpg'),(160,'expense',7,4000.00,'Fuel','2025-11-28','Mule Wave Technology - Addis Ababa ETHIOPIA','2025-12-02 12:08:29','2025-12-02 12:08:29','uploads/tx_692ed6bd38c666.65581515_Fuel_nov_28-11-25[1].pdf'),(161,'expense',5,1700.00,'venous internate package','2025-11-28','Mule Wave Technology - Addis Ababa ETHIOPIA','2025-12-02 12:17:03','2025-12-02 12:17:03','uploads/tx_692ed8bf35d374.78333449_Venos_nov_28_-25[1].pdf'),(162,'income',NULL,190000.00,'cash money','2025-12-08','Mule Wave Technology - Addis Ababa ETHIOPIA','2025-12-15 10:12:23','2025-12-15 10:12:23',NULL),(163,'income',NULL,1015000.00,'Increase Capital money','2025-10-27','Mule Wave Technology - Addis Ababa ETHIOPIA','2025-12-15 11:57:25','2025-12-15 11:57:25',NULL),(164,'income',NULL,200000.00,'cash money','2025-12-22','Mule Wave Technology - Addis Ababa ETHIOPIA','2026-01-26 09:48:24','2026-01-26 09:48:24',NULL),(165,'expense',8,5675.00,'curtin(megareja)','2025-12-10','Mule Wave Technology - Addis Ababa ETHIOPIA','2026-01-27 07:36:49','2026-01-27 07:36:49','uploads/tx_69786b11b1cff0.20514649_Megareja_dec_2025[1].pdf'),(166,'expense',8,2530.00,'fireextingusher for car','2025-12-19','Mule Wave Technology - Addis Ababa ETHIOPIA','2026-01-27 07:47:12','2026-01-27 07:47:12',NULL),(167,'expense',8,2400.00,'payment vocher(cash money)','2025-12-19','Mule Wave Technology - Addis Ababa ETHIOPIA','2026-01-27 07:50:53','2026-01-27 07:50:53',NULL),(168,'expense',8,400.00,'glass adhesive','2025-12-06','Mule Wave Technology - Addis Ababa ETHIOPIA','2026-01-27 07:52:16','2026-01-27 07:52:16',NULL),(169,'expense',8,3160.00,'office equipment','2025-12-24','Mule Wave Technology - Addis Ababa ETHIOPIA','2026-01-27 08:17:03','2026-01-27 08:17:03','uploads/tx_6978747f45d0b2.82076546_Office_equ[1].pdf'),(170,'expense',11,305639.80,'staff salary(bank transfer money, cash transfer, pension  and worker tax)','2025-12-06','Mule Wave Technology - Addis Ababa ETHIOPIA','2026-01-27 08:23:19','2026-01-27 08:24:50',NULL),(171,'expense',5,4157.80,'sink maintains 500 ,air time for 0919444499 157 and car  display maintenance(3500)','2025-12-31','Mule Wave Technology - Addis Ababa ETHIOPIA','2026-01-27 08:36:54','2026-01-27 08:37:30','uploads/tx_69787926199258.25347633_Car_mentinance[1].pdf'),(172,'expense',12,63665.73,'meal(queen supermarket),  coffee bean, berberi and shiro, vegtable, meal orange and tasty soya, bread and other cost ,teff ,vegetable, meal and electric cost, water ,cooking oil ,coffee bean','2025-12-23','Mule Wave Technology - Addis Ababa ETHIOPIA','2026-01-27 08:40:44','2026-04-02 13:51:35',NULL),(173,'expense',7,7000.00,'fuel','2025-12-23','Mule Wave Technology - Addis Ababa ETHIOPIA','2026-01-27 09:00:44','2026-01-27 09:00:44',NULL),(174,'expense',8,1830.00,'goods (supermarket)','2025-12-26','Mule Wave Technology - Addis Ababa ETHIOPIA','2026-01-27 09:11:00','2026-01-27 09:11:00',NULL),(175,'expense',10,11795.00,'copy for letter , megareja sefi ,government cost ,job seeker advertisement and business card','2025-12-23','Mule Wave Technology - Addis Ababa ETHIOPIA','2026-01-27 09:14:49','2026-01-27 09:14:49',NULL),(176,'expense',11,305617.70,'bank transfer money ,cash transfer, pension and worker income tax','2026-01-05','Mule Wave Technology - Addis Ababa ETHIOPIA','2026-01-27 09:17:34','2026-01-27 09:17:34',NULL),(177,'expense',8,5731.00,'post paper wipes, fruit and milk sanitizer','2026-01-05','Mule Wave Technology - Addis Ababa ETHIOPIA','2026-01-27 09:22:26','2026-02-02 12:35:11',NULL),(178,'expense',5,49507.80,'Safaricom wifi, gebeta phone, venus package  and electric cost(wondi home)','2026-01-05','Mule Wave Technology - Addis Ababa ETHIOPIA','2026-01-27 09:24:14','2026-02-02 12:36:04',NULL),(179,'expense',12,48595.15,'vegtable milk  and yougert kibi manteria sheep for beal parking 10 birr vegtable and other milk  and yougert  water(40*12)+24pcs 600ml egg ,milk ,spice and yougert milk and yougert ,water vegtable shiro and berbery','2026-01-27','Mule Wave Technology - Addis Ababa ETHIOPIA','2026-01-27 09:41:32','2026-02-02 12:34:08',NULL),(180,'expense',10,2695.00,'purchase Cherita paper, copy for Cherita document ,copy for Cherita document ,laundry','2026-01-27','Mule Wave Technology - Addis Ababa ETHIOPIA','2026-01-27 09:42:49','2026-03-20 07:59:23',NULL),(182,'income',NULL,17000.00,'sheep for gena Beale 2018','2026-01-07','Mule Wave Technology - Addis Ababa ETHIOPIA','2026-01-28 07:48:38','2026-01-28 07:48:38',NULL),(184,'income',NULL,250000.00,'Cash Money','2026-02-16','Mule Wave Technology - Addis Ababa ETHIOPIA','2026-02-16 09:46:38','2026-03-20 08:21:58',NULL),(185,'expense',14,36810.00,'beer(1 cast) soft drink(1 cast) qocho sheep sheep araj Fish and grass for ceremony ice cube Stikine monize and salad dressing ride fruit etan chair wine glass wine 5 pcs','2026-02-06','Mule Wave Technology - Addis Ababa ETHIOPIA','2026-02-24 12:12:27','2026-03-02 10:48:27',NULL),(187,'expense',10,3876.00,'copy for restaurant NDA 3 month package payment I chirta  copy for bids ride copy  licence trade  licensewith tip parking','2026-02-24','Mule Wave Technology - Addis Ababa ETHIOPIA','2026-03-02 10:08:34','2026-03-02 10:08:34',NULL),(190,'expense',11,334615.60,'bank transfer money ,cash, transfer pension and  worker income tax','2026-02-05','Mule Wave Technology - Addis Ababa ETHIOPIA','2026-03-02 10:14:25','2026-03-02 10:14:25',NULL),(193,'expense',12,32253.14,'lenti ,  fruit and vegetabl(3406)+250 ban vegetabl  telba and bread vegetabl fish water cooking oil fruit (return )600 birr for cash vegtable cookies   phone package(maereg) shiro and berberi bread cost tea break snack tea break snack sugar 5kg vegtable y','2026-02-19','Mule Wave Technology - Addis Ababa ETHIOPIA','2026-03-20 08:16:35','2026-03-20 08:16:35',NULL),(194,'expense',5,26368.98,'safaricom wifi payment , office phone ,Birhanu Baynesagne package','2026-02-19','Mule Wave Technology - Addis Ababa ETHIOPIA','2026-03-20 08:18:02','2026-03-20 08:18:02',NULL),(196,'income',NULL,245000.00,'cash money','2026-03-09','Mule Wave Technology - Addis Ababa ETHIOPIA','2026-03-20 08:21:23','2026-03-20 08:21:23',NULL),(197,'expense',10,11315.00,'deresegne (receipt) berhane ana selaw printing','2026-02-27','Mule Wave Technology - Addis Ababa ETHIOPIA','2026-03-20 11:03:10','2026-03-20 11:03:10',NULL),(200,'income',NULL,1500000.00,'capital maximization','2026-03-25','Mule Wave Technology - Addis Ababa ETHIOPIA','2026-04-02 10:45:29','2026-04-02 10:45:29',NULL),(201,'expense',NULL,100000.00,'ethio post BID CPO','2026-04-01','Mule Wave Technology - Addis Ababa ETHIOPIA','2026-04-02 10:46:30','2026-04-02 10:46:30',NULL),(202,'expense',NULL,70000.00,'Cordova academy BID CPO','2026-04-01','Mule Wave Technology - Addis Ababa ETHIOPIA','2026-04-02 10:47:13','2026-04-02 10:47:13',NULL),(203,'expense',15,80156.20,'sim card bid docement(ethio post) resturant agreement (10pcs) sim card + transport fee bid docement (National Alcholo) negat(airline transport fee) gebeta two  pcs Sim cads 4 banner and 2 stand (70%) payment T-shirt with logo print(1/2)payment hall rent t','2026-03-23','Mule Wave Technology - Addis Ababa ETHIOPIA','2026-04-02 10:48:59','2026-04-02 10:48:59',NULL),(204,'expense',10,21434.53,'Copy  Geez sms mercato cherta Afro reach Sms car parking post  paper transport qale gubaye(capital ) file payment bid docement( cordova acadamy) post paper  for bid bid docement(cordova acadamy) Bid docement copy (ethio post)(400 cash birr)','2026-03-25','Mule Wave Technology - Addis Ababa ETHIOPIA','2026-04-02 10:50:45','2026-04-02 12:26:13',NULL),(205,'expense',12,46051.72,'water vegtable and other foods cooking oil (2500 cash) 12 liter  remaining vegtable and fruit  shiro and berbery meal vegetable and other foods items Teff payment mekoreni cereals() sugar water(40pcs*12) vegtable','2026-03-25','Mule Wave Technology - Addis Ababa ETHIOPIA','2026-04-02 10:52:30','2026-04-02 10:52:30',NULL),(206,'expense',5,41700.00,'safaricome venous package wondi electric cost gelila  package','2026-03-25','Mule Wave Technology - Addis Ababa ETHIOPIA','2026-04-02 10:53:57','2026-04-02 10:53:57',NULL),(207,'expense',11,354609.05,'cash, bank transfer money(Ahude bank), pension, worker tax','2026-03-25','Mule Wave Technology - Addis Ababa ETHIOPIA','2026-04-02 10:55:55','2026-04-02 10:59:58',NULL),(208,'expense',8,40982.40,'Food processor(onion chopper)(4000 tel birr) Sanitory Material+ bag +laundry close unlimited yearly package biniyam sim card plaster car battery charger','2026-03-25','Mule Wave Technology - Addis Ababa ETHIOPIA','2026-04-02 10:57:59','2026-04-02 10:57:59',NULL),(209,'income',NULL,370000.00,'paid in cash salary','2026-04-07','Mule Wave Technology - Addis Ababa ETHIOPIA','2026-04-08 10:03:52','2026-04-14 10:53:13',NULL),(210,'expense',11,472998.05,'march salary','2026-04-08','Mule Wave Technology - Addis Ababa ETHIOPIA','2026-04-08 10:11:09','2026-04-14 12:33:00',NULL),(211,'expense',5,32484.23,'safaricom  march payment','2026-04-07','Mule Wave Technology - Addis Ababa ETHIOPIA','2026-04-08 10:12:18','2026-04-08 10:12:18',NULL),(212,'expense',10,34316.00,'general April expense','2026-04-08','Mule Wave Technology - Addis Ababa ETHIOPIA','2026-04-08 10:17:53','2026-04-14 12:34:41',NULL),(215,'expense',15,2.00,'this is test michael','2026-04-14','Mule Wave Technology - Addis Ababa ETHIOPIA','2026-04-14 13:50:20','2026-04-14 13:50:20','uploads/tx_69de461cbf0f00.34383662_photo_2026-03-30_13-00-07.jpg'),(216,'expense',13,99000.00,'house rent','2025-03-04','Mule Wave Technology - Addis Ababa ETHIOPIA','2026-04-15 04:54:48','2026-04-15 04:54:48','uploads/tx_69df1a1899d8e8.17586350_20260415_074416.jpg'),(217,'expense',13,110000.00,'house rent','2025-04-14','Mule Wave Technology - Addis Ababa ETHIOPIA','2026-04-15 05:01:42','2026-04-15 05:02:48','uploads/tx_69df1bb615d0d1.27283103_20260415_075835.jpg'),(218,'expense',5,46300.00,'march ethiotecom wifi payment','2025-03-14','Mule Wave Technology - Addis Ababa ETHIOPIA','2026-04-15 05:19:18','2026-04-15 05:19:18','uploads/tx_69df1fd65e9ac4.59322602_Wifi payment March.pdf'),(219,'expense',8,76650.00,'Ardo Standing Oven plus transport fee','2025-04-28','Wave Technology - Addis Ababa ETHIOPIA','2026-04-15 05:26:38','2026-04-15 05:30:00','uploads/tx_69df218e7ceed7.30191899_20260415_081307.jpg'),(220,'expense',5,46300.00,'ethio telecom April WiFi payment','2025-04-17','Mule Wave Technology - Addis Ababa ETHIOPIA','2026-04-15 05:45:01','2026-04-15 05:45:01','uploads/tx_69df25ddd184b4.53312313_Wi-Fi April payment.pdf');
/*!40000 ALTER TABLE `transactions` ENABLE KEYS */;
UNLOCK TABLES;

--
-- Table structure for table `users`
--

DROP TABLE IF EXISTS `users`;
/*!40101 SET @saved_cs_client     = @@character_set_client */;
/*!40101 SET character_set_client = utf8 */;
CREATE TABLE `users` (
  `id` int(11) NOT NULL AUTO_INCREMENT,
  `username` varchar(50) NOT NULL,
  `password` varchar(255) NOT NULL,
  `email` varchar(100) DEFAULT NULL,
  `full_name` varchar(100) DEFAULT NULL,
  `created_at` timestamp NOT NULL DEFAULT current_timestamp(),
  PRIMARY KEY (`id`),
  UNIQUE KEY `username` (`username`)
) ENGINE=InnoDB AUTO_INCREMENT=2 DEFAULT CHARSET=latin1 COLLATE=latin1_swedish_ci;
/*!40101 SET character_set_client = @saved_cs_client */;

--
-- Dumping data for table `users`
--

LOCK TABLES `users` WRITE;
/*!40000 ALTER TABLE `users` DISABLE KEYS */;
INSERT INTO `users` VALUES (1,'admin','admin','admin@company.com','Administrator','2025-07-01 22:03:51');
/*!40000 ALTER TABLE `users` ENABLE KEYS */;
UNLOCK TABLES;
/*!40103 SET TIME_ZONE=@OLD_TIME_ZONE */;

/*!40101 SET SQL_MODE=@OLD_SQL_MODE */;
/*!40014 SET FOREIGN_KEY_CHECKS=@OLD_FOREIGN_KEY_CHECKS */;
/*!40014 SET UNIQUE_CHECKS=@OLD_UNIQUE_CHECKS */;
/*!40101 SET CHARACTER_SET_CLIENT=@OLD_CHARACTER_SET_CLIENT */;
/*!40101 SET CHARACTER_SET_RESULTS=@OLD_CHARACTER_SET_RESULTS */;
/*!40101 SET COLLATION_CONNECTION=@OLD_COLLATION_CONNECTION */;
/*!40111 SET SQL_NOTES=@OLD_SQL_NOTES */;

-- Dump completed on 2026-04-15  8:59:23
